{
  "configuration": {
    "target": "contract_type",
    "features": [
      "job_sector",
      "job_title"
    ],
    "model_type": "decision_tree",
    "balancing": "both",
    "test_size": 0.2,
    "random_state": 42
  },
  "dataset_info": {
    "total_samples": 1561,
    "train_samples": 1248,
    "test_samples": 313,
    "n_features": 2,
    "feature_names": [
      "job_sector",
      "job_title"
    ],
    "target_classes": [
      "Autre",
      "CDD",
      "CDI",
      "Freelance",
      "Intérim",
      "Stage"
    ]
  },
  "imbalance_analysis": {
    "imbalance_detected": true,
    "imbalance_ratio": 166.5,
    "class_distribution": {
      "2": 1332,
      "0": 87,
      "5": 62,
      "1": 37,
      "4": 35,
      "3": 8
    },
    "class_percentages": {
      "2": 85.32991672005124,
      "0": 5.573350416399744,
      "5": 3.9718129404228057,
      "1": 2.370275464445868,
      "4": 2.242152466367713,
      "3": 0.5124919923126201
    }
  },
  "models": {
    "baseline": {
      "model_type": "decision_tree",
      "balancing": "none",
      "metrics": {
        "accuracy": 0.865814696485623,
        "precision": 0.8783520532446389,
        "recall": 0.865814696485623,
        "f1_score": 0.8698833381740729,
        "confusion_matrix": [
          [
            10,
            0,
            6,
            0,
            0,
            2
          ],
          [
            0,
            2,
            3,
            0,
            2,
            0
          ],
          [
            3,
            6,
            247,
            3,
            5,
            3
          ],
          [
            0,
            1,
            0,
            1,
            0,
            0
          ],
          [
            1,
            0,
            4,
            0,
            0,
            2
          ],
          [
            0,
            0,
            1,
            0,
            0,
            11
          ]
        ],
        "classification_report": {
          "0": {
            "precision": 0.7142857142857143,
            "recall": 0.5555555555555556,
            "f1-score": 0.625,
            "support": 18.0
          },
          "1": {
            "precision": 0.2222222222222222,
            "recall": 0.2857142857142857,
            "f1-score": 0.25,
            "support": 7.0
          },
          "2": {
            "precision": 0.946360153256705,
            "recall": 0.9250936329588015,
            "f1-score": 0.9356060606060606,
            "support": 267.0
          },
          "3": {
            "precision": 0.25,
            "recall": 0.5,
            "f1-score": 0.3333333333333333,
            "support": 2.0
          },
          "4": {
            "precision": 0.0,
            "recall": 0.0,
            "f1-score": 0.0,
            "support": 7.0
          },
          "5": {
            "precision": 0.6111111111111112,
            "recall": 0.9166666666666666,
            "f1-score": 0.7333333333333333,
            "support": 12.0
          },
          "accuracy": 0.865814696485623,
          "macro avg": {
            "precision": 0.4573298668126254,
            "recall": 0.5305050234825516,
            "f1-score": 0.47954545454545455,
            "support": 313.0
          },
          "weighted avg": {
            "precision": 0.8783520532446389,
            "recall": 0.865814696485623,
            "f1-score": 0.8698833381740729,
            "support": 313.0
          }
        }
      }
    },
    "smote_balanced": {
      "model_type": "decision_tree",
      "balancing": "SMOTE",
      "metrics": {
        "accuracy": 0.6549520766773163,
        "precision": 0.867002696394988,
        "recall": 0.6549520766773163,
        "f1_score": 0.7346482177153104,
        "confusion_matrix": [
          [
            10,
            1,
            1,
            1,
            3,
            2
          ],
          [
            0,
            2,
            2,
            1,
            2,
            0
          ],
          [
            16,
            15,
            181,
            22,
            28,
            5
          ],
          [
            0,
            1,
            0,
            1,
            0,
            0
          ],
          [
            1,
            1,
            3,
            0,
            1,
            1
          ],
          [
            0,
            0,
            1,
            0,
            1,
            10
          ]
        ],
        "classification_report": {
          "0": {
            "precision": 0.37037037037037035,
            "recall": 0.5555555555555556,
            "f1-score": 0.4444444444444444,
            "support": 18.0
          },
          "1": {
            "precision": 0.1,
            "recall": 0.2857142857142857,
            "f1-score": 0.14814814814814814,
            "support": 7.0
          },
          "2": {
            "precision": 0.9627659574468085,
            "recall": 0.6779026217228464,
            "f1-score": 0.7956043956043956,
            "support": 267.0
          },
          "3": {
            "precision": 0.04,
            "recall": 0.5,
            "f1-score": 0.07407407407407407,
            "support": 2.0
          },
          "4": {
            "precision": 0.02857142857142857,
            "recall": 0.14285714285714285,
            "f1-score": 0.047619047619047616,
            "support": 7.0
          },
          "5": {
            "precision": 0.5555555555555556,
            "recall": 0.8333333333333334,
            "f1-score": 0.6666666666666666,
            "support": 12.0
          },
          "accuracy": 0.6549520766773163,
          "macro avg": {
            "precision": 0.3428772186573605,
            "recall": 0.49922715653052735,
            "f1-score": 0.36275946275946275,
            "support": 313.0
          },
          "weighted avg": {
            "precision": 0.867002696394988,
            "recall": 0.6549520766773163,
            "f1-score": 0.7346482177153104,
            "support": 313.0
          }
        }
      }
    },
    "class_weighted": {
      "model_type": "decision_tree",
      "balancing": "Class Weights",
      "metrics": {
        "accuracy": 0.865814696485623,
        "precision": 0.8624810604187255,
        "recall": 0.865814696485623,
        "f1_score": 0.862835914640345,
        "confusion_matrix": [
          [
            10,
            0,
            6,
            0,
            0,
            2
          ],
          [
            1,
            1,
            5,
            0,
            0,
            0
          ],
          [
            7,
            3,
            248,
            3,
            4,
            2
          ],
          [
            0,
            1,
            0,
            1,
            0,
            0
          ],
          [
            1,
            0,
            4,
            0,
            0,
            2
          ],
          [
            0,
            0,
            1,
            0,
            0,
            11
          ]
        ],
        "classification_report": {
          "0": {
            "precision": 0.5263157894736842,
            "recall": 0.5555555555555556,
            "f1-score": 0.5405405405405406,
            "support": 18.0
          },
          "1": {
            "precision": 0.2,
            "recall": 0.14285714285714285,
            "f1-score": 0.16666666666666666,
            "support": 7.0
          },
          "2": {
            "precision": 0.9393939393939394,
            "recall": 0.9288389513108615,
            "f1-score": 0.9340866290018832,
            "support": 267.0
          },
          "3": {
            "precision": 0.25,
            "recall": 0.5,
            "f1-score": 0.3333333333333333,
            "support": 2.0
          },
          "4": {
            "precision": 0.0,
            "recall": 0.0,
            "f1-score": 0.0,
            "support": 7.0
          },