{
  "configuration": {
    "target": "experience_level",
    "features": [
      "job_title",
      "job_sector",
      "contract_type"
    ],
    "model_type": "random_forest",
    "balancing": "both",
    "test_size": 0.3,
    "random_state": 42
  },
  "dataset_info": {
    "total_samples": 1563,
    "train_samples": 1094,
    "test_samples": 469,
    "n_features": 3,
    "feature_names": [
      "job_title",
      "job_sector",
      "contract_type"
    ],
    "target_classes": [
      "Confirmé (5 à 10 ans)",
      "Débutant (-1 an)",
      "Expert (10 à 20 ans)",
      "Intermédiaire (3 à 5 ans)",
      "Junior (1 à 3 ans)"
    ]
  },
  "imbalance_analysis": {
    "imbalance_detected": true,
    "imbalance_ratio": 8.96,
    "class_distribution": {
      "4": 448,
      "3": 427,
      "1": 360,
      "0": 278,
      "2": 50
    },
    "class_percentages": {
      "4": 28.66282789507358,
      "3": 27.319257837492,
      "1": 23.032629558541267,
      "0": 17.786308381317976,
      "2": 3.198976327575176
    }
  },
  "models": {
    "baseline": {
      "model_type": "random_forest",
      "balancing": "none",
      "metrics": {
        "accuracy": 0.47974413646055436,
        "precision": 0.47390113184422733,
        "recall": 0.47974413646055436,
        "f1_score": 0.47454075860799966,
        "confusion_matrix": [
          [
            20,
            8,
            3,
            38,
            14
          ],
          [
            4,
            69,
            1,
            16,
            18
          ],
          [
            4,
            1,
            2,
            2,
            6
          ],
          [
            19,
            6,
            6,
            63,
            34
          ],
          [
            12,
            22,
            1,
            29,
            71
          ]
        ],
        "classification_report": {
          "0": {
            "precision": 0.3389830508474576,
            "recall": 0.24096385542168675,
            "f1-score": 0.28169014084507044,
            "support": 83.0
          },
          "1": {
            "precision": 0.6509433962264151,
            "recall": 0.6388888888888888,
            "f1-score": 0.6448598130841121,
            "support": 108.0
          },
          "2": {
            "precision": 0.15384615384615385,
            "recall": 0.13333333333333333,
            "f1-score": 0.14285714285714285,
            "support": 15.0
          },
          "3": {
            "precision": 0.42567567567567566,
            "recall": 0.4921875,
            "f1-score": 0.45652173913043476,
            "support": 128.0
          },
          "4": {
            "precision": 0.4965034965034965,
            "recall": 0.5259259259259259,
            "f1-score": 0.5107913669064749,
            "support": 135.0
          },
          "accuracy": 0.47974413646055436,
          "macro avg": {
            "precision": 0.4131903546198397,
            "recall": 0.406259900713967,
            "f1-score": 0.407344040564647,
            "support": 469.0
          },
          "weighted avg": {
            "precision": 0.47390113184422733,
            "recall": 0.47974413646055436,
            "f1-score": 0.47454075860799966,
            "support": 469.0
          }
        }
      }
    },
    "smote_balanced": {
      "model_type": "random_forest",
      "balancing": "SMOTE",
      "metrics": {
        "accuracy": 0.464818763326226,
        "precision": 0.4811384950836682,
        "recall": 0.464818763326226,
        "f1_score": 0.4693711383655434,
        "confusion_matrix": [
          [
            17,
            6,
            13,
            33,
            14
          ],
          [
            4,
            69,
            4,
            14,
            17
          ],
          [
            4,
            1,
            6,
            2,
            2
          ],
          [
            18,
            10,
            12,
            56,
            32
          ],
          [
            16,
            15,
            11,
            23,
            70
          ]
        ],
        "classification_report": {
          "0": {
            "precision": 0.288135593220339,
            "recall": 0.20481927710843373,
            "f1-score": 0.23943661971830985,
            "support": 83.0
          },
          "1": {
            "precision": 0.6831683168316832,
            "recall": 0.6388888888888888,
            "f1-score": 0.6602870813397129,
            "support": 108.0
          },
          "2": {
            "precision": 0.13043478260869565,
            "recall": 0.4,
            "f1-score": 0.19672131147540983,
            "support": 15.0
          },
          "3": {
            "precision": 0.4375,
            "recall": 0.4375,
            "f1-score": 0.4375,
            "support": 128.0
          },
          "4": {
            "precision": 0.5185185185185185,
            "recall": 0.5185185185185185,
            "f1-score": 0.5185185185185185,
            "support": 135.0
          },
          "accuracy": 0.464818763326226,
          "macro avg": {
            "precision": 0.4115514422358473,
            "recall": 0.43994533690316817,
            "f1-score": 0.41049270621039025,
            "support": 469.0
          },
          "weighted avg": {
            "precision": 0.4811384950836682,
            "recall": 0.464818763326226,
            "f1-score": 0.4693711383655434,
            "support": 469.0
          }
        }
      }
    },
    "class_weighted": {
      "model_type": "random_forest",
      "balancing": "Class Weights",
      "metrics": {
        "accuracy": 0.4669509594882729,
        "precision": 0.4603756078144572,
        "recall": 0.4669509594882729,
        "f1_score": 0.46077824496780934,
        "confusion_matrix": [
          [
            18,
            7,
            2,
            40,
            16
          ],
          [
            6,
            68,
            1,
            15,
            18
          ],
          [
            3,
            1,
            2,
            3,
            6
          ],
          [
            17,
            6,
            5,
            63,
            37
          ],
          [
            13,
            22,
            1,
            31,
            68
          ]
        ],
        "classification_report": {
          "0": {
            "precision": 0.3157894736842105,
            "recall": 0.21686746987951808,
            "f1-score": 0.2571428571428571,
            "support": 83.0
          },
          "1": {
            "precision": 0.6538461538461539,
            "recall": 0.6296296296296297,
            "f1-score": 0.6415094339622641,
            "support": 108.0
          },
          "2": {
            "precision": 0.18181818181818182,
            "recall": 0.13333333333333333,
            "f1-score": 0.15384615384615385,
            "support": 15.0
          },
          "3": {
            "precision": 0.4144736842105263,
            "recall": 0.4921875,
            "f1-score": 0.45,
            "support": 128.0
          },
          "4": {
            "precision": 0.4689655172413793,
            "recall": 0.5037037037037037,
            "f1-score": 0.4857142857142857,
            "support": 135.0
          },
          "accuracy": 0.4669509594882729,
          "macro avg": {
            "precision": 0.4069786021600904,
            "recall": 0.39514432730923693,
            "f1-score": 0.3976425461331122,
            "support": 469.0
          },
          "weighted avg": {
            "precision": 0.4603756078144572,
            "recall": 0.4669509594882729,
            "f1-score": 0.46077824496780934,
            "support": 469.0
          }
        }
      }
    }
  },
  "training_date": "2026-01-17T18:58:34.616207"
}