{
  "configuration": {
    "target": "contract_type",
    "features": [
      "job_function",
      "job_sector",
      "job_title",
      "experience_level",
      "education_level"
    ],
    "model_type": "decision_tree",
    "balancing": "smote",
    "test_size": 0.2,
    "random_state": 42
  },
  "dataset_info": {
    "total_samples": 1520,
    "train_samples": 1216,
    "test_samples": 304,
    "n_features": 5,
    "feature_names": [
      "job_function",
      "job_sector",
      "job_title",
      "experience_level",
      "education_level"
    ],
    "target_classes": [
      "Autre",
      "CDD",
      "CDI",
      "Freelance",
      "Intérim",
      "Stage"
    ]
  },
  "imbalance_analysis": {
    "imbalance_detected": true,
    "imbalance_ratio": 184.42857142857142,
    "class_distribution": {
      "2": 1291,
      "0": 88,
      "5": 63,
      "1": 36,
      "4": 35,
      "3": 7
    },
    "class_percentages": {
      "2": 84.9342105263158,
      "0": 5.7894736842105265,
      "5": 4.144736842105263,
      "1": 2.368421052631579,
      "4": 2.302631578947368,
      "3": 0.4605263157894736
    }
  },
  "models": {
    "baseline": {
      "model_type": "decision_tree",
      "balancing": "none",
      "metrics": {
        "accuracy": 0.8355263157894737,
        "precision": 0.8667741587575497,
        "recall": 0.8355263157894737,
        "f1_score": 0.8495729444523009,
        "confusion_matrix": [
          [
            13,
            0,
            5,
            0,
            0,
            0
          ],
          [
            0,
            2,
            3,
            0,
            2,
            0
          ],
          [
            9,
            4,
            229,
            2,
            11,
            3
          ],
          [
            0,
            0,
            1,
            0,
            0,
            0
          ],
          [
            1,
            1,
            5,
            0,
            0,
            0
          ],
          [
            2,
            0,
            1,
            0,
            0,
            10
          ]
        ],
        "classification_report": {
          "0": {
            "precision": 0.52,
            "recall": 0.7222222222222222,
            "f1-score": 0.6046511627906976,
            "support": 18.0
          },
          "1": {
            "precision": 0.2857142857142857,
            "recall": 0.2857142857142857,
            "f1-score": 0.2857142857142857,
            "support": 7.0
          },
          "2": {
            "precision": 0.9385245901639344,
            "recall": 0.8875968992248062,
            "f1-score": 0.9123505976095617,
            "support": 258.0
          },
          "3": {
            "precision": 0.0,
            "recall": 0.0,
            "f1-score": 0.0,
            "support": 1.0
          },
          "4": {
            "precision": 0.0,
            "recall": 0.0,
            "f1-score": 0.0,
            "support": 7.0
          },
          "5": {
            "precision": 0.7692307692307693,
            "recall": 0.7692307692307693,
            "f1-score": 0.7692307692307693,
            "support": 13.0
          },
          "accuracy": 0.8355263157894737,
          "macro avg": {
            "precision": 0.4189116075181649,
            "recall": 0.4441273627320139,
            "f1-score": 0.4286578025575524,
            "support": 304.0
          },
          "weighted avg": {
            "precision": 0.8667741587575497,
            "recall": 0.8355263157894737,
            "f1-score": 0.8495729444523009,
            "support": 304.0
          }
        }
      }
    },
    "smote_balanced": {
      "model_type": "decision_tree",
      "balancing": "SMOTE",
      "metrics": {
        "accuracy": 0.743421052631579,
        "precision": 0.850342670852828,
        "recall": 0.743421052631579,
        "f1_score": 0.7894242302305801,
        "confusion_matrix": [
          [
            13,
            0,
            5,
            0,
            0,
            0
          ],
          [
            0,
            1,
            4,
            0,
            2,
            0
          ],
          [
            15,
            11,
            203,
            1,
            25,
            3
          ],
          [
            0,
            1,
            0,
            0,
            0,
            0
          ],
          [
            1,
            2,
            4,
            0,
            0,
            0
          ],
          [
            0,
            1,
            2,
            0,
            1,
            9
          ]
        ],
        "classification_report": {
          "0": {
            "precision": 0.4482758620689655,
            "recall": 0.7222222222222222,
            "f1-score": 0.5531914893617021,
            "support": 18.0
          },
          "1": {
            "precision": 0.0625,
            "recall": 0.14285714285714285,
            "f1-score": 0.08695652173913043,
            "support": 7.0
          },
          "2": {
            "precision": 0.9311926605504587,
            "recall": 0.7868217054263565,
            "f1-score": 0.8529411764705882,
            "support": 258.0
          },
          "3": {
            "precision": 0.0,
            "recall": 0.0,
            "f1-score": 0.0,
            "support": 1.0
          },
          "4": {
            "precision": 0.0,
            "recall": 0.0,
            "f1-score": 0.0,
            "support": 7.0
          },
          "5": {
            "precision": 0.75,
            "recall": 0.6923076923076923,
            "f1-score": 0.72,
            "support": 13.0
          },
          "accuracy": 0.743421052631579,
          "macro avg": {
            "precision": 0.3653280871032374,
            "recall": 0.39070146046890236,
            "f1-score": 0.3688481979285701,
            "support": 304.0
          },
          "weighted avg": {
            "precision": 0.850342670852828,
            "recall": 0.743421052631579,
            "f1-score": 0.7894242302305801,
            "support": 304.0
          }
        }
      }
    }
  },
  "training_date": "2026-01-19T14:57:52.037889"
}